name,age,club,minor,ip,throws,sp,rp,spP,rpP,FIP,FIP_pot,in_list
Brusdar Graterol,29,LAD,0,40.0,R,0.0,1.680088891116737,0.0,1.9223781269364302,3.0154999999999994,2.7005,
Aaron Bummer,34,LAD,0,37.0,L,0.0,1.821064170672063,0.0,1.821064170672063,2.8310000000000004,2.8310000000000004,
Aaron Ashby,30,MIL,0,88.0,L,2.824113847107339,0.0,2.824113847107339,0.0,4.041499999999999,4.041499999999999,
Eduard Bazardo,32,PHI,0,46.0,R,0.0,0.9784448215153473,0.0,0.9784448215153473,3.9875,3.9875,
Zach Peek,30,CHC,1,,R,-0.10534313834396292,-0.0,-0.10534313834396292,-0.0,5.571500000000001,5.571500000000001,
Framber Valdez,34,STL,0,86.0,L,1.8925136433602314,0.0,1.8925136433602314,0.0,4.505,4.505,
Scott Effross,34,CIN,0,26.0,R,0.0,1.04066117818368,0.0,1.04066117818368,3.8974999999999995,3.8974999999999995,
Trevor Richards,35,CHC,1,,R,0.0,0.0,0.0,0.0,4.883,4.883,
Bennett Sousa,33,OAK,1,,L,0.0,0.728857158513577,0.0,0.728857158513577,4.3565000000000005,4.3565000000000005,
Jakson Reetz,32,CHC,1,,R,-0.0,-0.0,-0.0,-0.0,12.200000000000003,12.200000000000003,
Sam Hentges,31,LAD,0,37.0,L,0.0,1.814126293786454,0.0,1.814126293786454,2.84,2.84,
David Peterson,32,NYM,0,35.0,L,2.9539270771069943,0.0,2.9539270771069943,0.0,3.9784999999999995,3.9784999999999995,
Ryan Anderson,29,Free,0,,L,0.0,0.2939943699589495,0.0,0.5080327969915541,5.031500000000001,4.694000000000001,
JoJo Romero,31,BAL,0,31.0,L,0.0,1.0594310525767658,0.0,1.0594310525767658,3.8705,3.8705,
Logan Webb,31,TEX,0,115.0,R,4.989224914880834,0.0,4.989224914880834,0.0,3.0379999999999994,3.0379999999999994,
Camilo Doval,31,CHC,0,31.0,R,0.0,1.097117338538028,0.0,1.097117338538028,3.816499999999999,3.816499999999999,
Matt Brash,30,MIA,1,,R,0.0,0.9382904353352396,0.0,0.9382904353352396,4.045999999999999,4.045999999999999,
John Schreiber,34,LAA,1,,R,0.0,0.9075544986127637,0.0,0.9075544986127637,4.090999999999999,4.090999999999999,
Nick Robertson,29,DET,1,,R,0.0,1.0001595659805327,0.0,1.3828665028665033,3.9559999999999995,3.4159999999999995,
Bryan Mata,29,CHC,0,17.0,R,1.0342845392857978,0.0,3.2347491276621354,0.0,4.9505,3.8434999999999997,
Riley Adams,32,CHC,1,,R,-0.0,-0.0,-0.0,-0.0,12.065000000000003,12.065000000000003,
Chris Murphy,30,BOS,0,,L,0.0,0.9229060032535813,0.0,0.9229060032535813,4.068499999999999,4.068499999999999,
Jared Koenig,34,TOR,0,77.0,L,2.898197187134366,0.0,2.898197187134366,0.0,4.0055,4.0055,
Jake Bennett,27,CHC,0,44.0,L,2.8148713060057187,0.0,2.8148713060057187,0.0,4.045999999999999,4.045999999999999,
Jose Betances,28,Free,0,,R,0.0,0.029437809279309057,0.0,1.0531690169040933,5.4635,3.8794999999999993,
Reinaldo De Paula,29,LAA,1,,R,0.0,0.782900744163387,0.0,1.0939693246607252,4.275499999999999,3.8209999999999997,
Ismael Mena,25,CHC,1,,L,-0.0,-0.0,-0.0,-0.0,11.930000000000003,11.930000000000003,
Dustin May,30,LAD,0,84.0,R,3.272468026686579,0.0,3.272468026686579,0.0,3.8255,3.8255,
Brenan Hanifee,30,MIN,1,32.0,R,0.0,1.1065695777274114,0.0,1.1065695777274114,3.803,3.803,
Evan Taylor,28,Free,0,,L,0.0,0.45605662781949147,0.0,0.7198898485417448,4.775,4.37,
Nick Dean,27,CHC,1,,R,-0.0,-0.0,0.0,0.0,6.4085,3.929,
José Soriano,29,ATL,0,93.0,R,2.870386102228799,0.0,3.348102395830821,0.0,4.018999999999999,3.7894999999999994,
Forrest Whitley,30,DET,1,,R,0.0,0.773864832178925,0.0,0.773864832178925,4.289000000000001,4.289000000000001,
Reiver Sanmartin,32,Free,0,,L,0.0,0.25197355481928546,0.0,0.25197355481928546,5.099000000000001,5.099000000000001,
Angel Felipe,30,MIA,1,37.0,R,0.0,1.259496775660705,0.0,1.259496775660705,3.5869999999999997,3.5869999999999997,
Alex Bregman,34,CHC,0,,R,-0.0,-0.0,-0.0,-0.0,11.930000000000003,11.930000000000003,
Kyle Funkhouser,34,CHC,1,,R,0.0,0.0,0.0,0.0,4.829000000000001,4.829000000000001,
Alex Young,34,MIA,1,,L,0.0,0.19357511392309754,0.0,0.19357511392309754,5.193499999999999,5.193499999999999,
Jason Foley,32,TB,0,37.0,R,0.0,1.4717914493577549,0.0,1.4717914493577549,3.2944999999999993,3.2944999999999993,
Roy Garcia,27,HOU,1,,R,0.0,0.3447615130952659,0.0,0.728857158513577,4.9505,4.3565000000000005,
Oscar Rojas,29,OAK,0,64.0,R,0.0,0.0,2.025669700301802,0.0,4.775,4.4375,
Kevin Kelly,30,BAL,1,14.0,R,0.0,1.116034131943607,0.0,1.116034131943607,3.7894999999999994,3.7894999999999994,
Angel Zerpa,28,MIL,0,57.0,L,0.0,0.9815429236187474,0.0,1.1381661189509633,3.983,3.758,
Josh Maciejewski,32,MIL,1,,L,2.025669700301802,0.0,2.025669700301802,0.0,4.4375,4.4375,
Adrian Hernandez,27,CHC,1,,R,-0.0,-0.0,-0.0,-0.0,11.862500000000004,11.862500000000004,
Nolan Kingham,31,CHC,1,,R,0.0,0.0,0.0,0.0,5.193499999999999,5.193499999999999,
Bryan Hoeing,31,CHC,1,,R,0.0,0.0,0.0,0.0,4.5184999999999995,4.5184999999999995,
Stephen Kolek,31,MIL,0,26.0,R,0.0,0.45605662781949147,0.0,0.45605662781949147,4.775,4.775,
Kyle Tucker,31,CHC,0,,R,-0.0,-0.0,-0.0,-0.0,11.727500000000003,11.727500000000003,
Cade Horton,26,CHC,0,7.0,R,0.0,0.0,0.0,0.0,4.4645,3.7669999999999995,
Matt Vierling,31,CHC,1,,R,-0.0,-0.0,-0.0,-0.0,12.065000000000003,12.065000000000003,
Patrick Bailey,29,CHC,0,,R,-0.0,-0.0,-0.0,-0.0,11.862500000000004,11.862500000000004,
Calvin Faucher,32,AZ,0,35.0,R,0.0,1.1603655929591903,0.0,1.1603655929591903,3.7264999999999993,3.7264999999999993,
Jaden Hill,28,COL,1,,R,0.0,0.5080327969915541,0.0,1.6359322937491674,4.694000000000001,3.074,
Riley O'Brien,33,Free,0,,R,0.0,0.35325926264612173,0.0,0.35325926264612173,4.937,4.937,
Landon Marceaux,28,NYM,1,,R,0.0,0.0,3.1219835345510405,0.0,4.855999999999999,3.8974999999999995,
Sean Hjelle,31,SF,0,49.0,R,0.0,0.6308378811200771,0.0,0.6308378811200771,4.505,4.505,
J.T. Ginn,29,OAK,0,35.0,R,0.0,0.2939943699589495,5.421584188444625,0.0,5.031500000000001,2.8489999999999993,
Nick Madrigal,31,CHC,1,,R,-0.0,-0.0,-0.0,-0.0,11.862500000000004,11.862500000000004,
Quinn Priester,27,BOS,0,105.0,R,2.5394269476675384,0.0,2.5394269476675384,0.0,4.180999999999999,4.180999999999999,
Travis Sthele,26,WSH,1,,R,-0.0,-0.0,2.4030213619733285,0.0,7.2455000000000025,4.248499999999999,
Osiris Johnson,27,CHC,1,,R,-0.0,-0.0,-0.0,-0.0,11.930000000000003,11.930000000000003,
Cayden Wallace,26,CHC,1,,R,-0.0,-0.0,-0.0,-0.0,11.862500000000004,9.972500000000004,
Jordan Hicks,31,CHC,0,105.0,R,3.481096778877571,0.0,3.481096778877571,0.0,3.7264999999999993,3.7264999999999993,
Bryson Stott,30,CHC,1,,R,-0.0,-0.0,-0.0,-0.0,11.862500000000004,11.862500000000004,
Pete Crow-Armstrong,26,CHC,0,,L,-0.0,-0.0,-0.0,-0.0,11.930000000000003,11.930000000000003,
Sam Knowlton,28,AZ,1,,R,-0.0,-0.13870052760754278,0.0,1.6088871150136363,5.747000000000001,3.11,
Oliver Ortega,31,KC,1,,R,0.0,0.728857158513577,0.0,0.728857158513577,4.3565000000000005,4.3565000000000005,
Christian Franklin,28,CHC,1,,R,-0.0,-0.0,-0.0,-0.0,11.930000000000003,11.930000000000003,
Garrett McDaniels,28,CHC,0,40.0,L,0.0,1.405818999105905,0.0,1.7450933011142438,3.3844999999999996,2.9299999999999997,
Alex McFarlane,27,SF,0,,R,-0.5579123099903388,-0.0,3.826836109959266,0.0,5.828000000000002,3.5644999999999993,
Anthony Volpe,27,CHC,0,,R,-0.0,-0.0,-0.0,-0.0,11.862500000000004,11.862500000000004,
Reese Olson,28,PHI,0,104.0,R,2.7502843680841447,0.0,2.926044155595909,0.0,4.0775,3.9919999999999995,
Erik Miller,30,STL,1,,L,0.0,1.037537595187817,0.0,1.037537595187817,3.9019999999999992,3.9019999999999992,
Matt Hogan,28,CHC,1,,R,-0.0,-0.0,-0.0,-0.0,11.795000000000003,10.350500000000002,
Mason Thompson,30,CHC,0,26.0,R,0.0,0.9815429236187474,0.0,0.9815429236187474,3.983,3.983,
Braxton Garrett,30,HOU,1,,L,1.8925136433602314,0.0,1.8925136433602314,0.0,4.505,4.505,
Avery Weems,31,CHC,0,106.0,L,2.025669700301802,0.0,2.025669700301802,0.0,4.4375,4.4375,
Noah Murdock,29,CHC,1,,R,0.0,1.2017732906190335,0.0,1.343684244919297,3.668,3.4699999999999998,
Ryan Pressly,39,DET,0,34.0,R,0.0,0.8464756492225128,0.0,0.8464756492225128,4.180999999999999,4.180999999999999,
Joe Kelly,40,BOS,0,28.0,R,0.0,0.941371282369113,0.0,0.941371282369113,4.041499999999999,4.041499999999999,
Nick Castellanos,36,CHC,1,,R,-0.0,-0.0,-0.0,-0.0,12.200000000000003,12.200000000000003,
Clay Holmes,35,NYM,0,102.0,R,4.554967642756193,0.0,4.554967642756193,0.0,3.231499999999999,3.231499999999999,
Lance McCullers Jr.,34,MIN,0,74.0,R,2.9539270771069943,0.0,2.9539270771069943,0.0,3.9784999999999995,3.9784999999999995,
Max Fried,34,NYY,0,46.0,L,3.7109840651988812,0.0,3.7109840651988812,0.0,3.6184999999999996,3.6184999999999996,
Jesus Tinoco,33,ATL,0,31.0,R,0.0,0.9846423590356648,0.0,0.9846423590356648,3.9784999999999995,3.9784999999999995,
Luis Perdomo,35,DET,0,32.0,R,0.0,0.9846423590356648,0.0,0.9846423590356648,3.9784999999999995,3.9784999999999995,
Emmanuel Clase,30,MIN,0,32.0,R,0.0,1.6393197857041686,0.0,1.6393197857041686,3.0694999999999997,3.0694999999999997,
Trevor Williams,36,MIA,0,,R,0.0,0.6308378811200771,0.0,0.6308378811200771,4.505,4.505,
Rob Zastryzny,36,BAL,0,36.0,L,0.0,0.675223233433934,0.0,0.675223233433934,4.4375,4.4375,
Matt Krook,33,CHC,1,,L,0.7057116953762491,0.0,0.7057116953762491,0.0,5.1259999999999994,5.1259999999999994,
Jhoan Duran,30,MIN,0,30.0,R,0.0,1.9894896584650532,0.0,1.9894896584650532,2.615,2.615,
Gleyber Torres,31,CHC,1,,R,-0.0,-0.0,-0.0,-0.0,11.862500000000004,11.862500000000004,
Sandy Alcantara,32,DET,0,111.0,R,3.528791549568757,0.0,3.528791549568757,0.0,3.7039999999999993,3.7039999999999993,
Miguel Castro,33,BAL,0,44.0,R,0.0,0.5080327969915541,0.0,0.5080327969915541,4.694000000000001,4.694000000000001,
Raisel Iglesias,38,NYY,0,45.0,R,0.0,1.1794476619736516,0.0,1.1794476619736516,3.6994999999999996,3.6994999999999996,
Ranger Suarez,32,BAL,0,87.0,L,2.944628770856242,0.0,2.944628770856242,0.0,3.983,3.983,
Jonathan Loáisiga,33,TEX,0,28.0,R,0.0,1.366515318853029,0.0,1.366515318853029,3.4385000000000003,3.4385000000000003,
Brandon Birdsell,28,CHC,0,109.0,R,0.0,0.0,0.0,0.0,5.0584999999999996,3.173,
Cristopher Sanchez,31,CHC,0,,L,2.5394269476675384,0.0,2.5394269476675384,0.0,4.180999999999999,4.180999999999999,
Cionel Perez,32,BOS,0,4.0,L,0.0,1.0219398966049018,0.0,1.0219398966049018,3.924499999999999,3.924499999999999,
Yennier Cano,34,MIL,0,32.0,R,0.0,0.9660657290447886,0.0,0.9660657290447886,4.0055,4.0055,
Junior Fernandez,31,Free,0,,R,0.0,0.13567335673356654,0.0,0.13567335673356654,5.288,5.288,
Jared Johnson,27,Free,0,,R,0.0,0.8922358158134385,0.0,0.975348051865303,4.113499999999999,3.9919999999999995,
Kyle Hurt,30,LAD,1,,R,2.3487022324901607,0.0,2.3487022324901607,0.0,4.275499999999999,4.275499999999999,
Jake Jekielek,25,Free,0,,R,-0.0,-0.11493856878897017,0.0,0.4044668808321867,5.706500000000001,4.855999999999999,
Hugh Fisher,29,Free,0,,L,-0.0,-0.2717647657915234,0.0,0.28556955882129975,5.9765000000000015,5.045,
Adrian Morejon,29,AZ,0,35.0,L,0.0,1.1381661189509633,0.0,1.2177620123585775,3.758,3.6455,
Adonis Medina,31,CHC,1,,R,0.0,0.0,0.0,0.0,4.342999999999999,4.342999999999999,
Vladimir Guerrero Jr.,29,CHC,0,,R,-0.0,-0.0,-0.0,-0.0,11.862500000000004,11.606000000000003,
Jack Kochanowicz,27,TOR,1,3.0,R,-0.0,-0.0,3.481096778877571,0.0,5.544500000000001,3.7264999999999993,
Aaron Nixon,26,Free,0,,R,0.0,0.029437809279309057,0.0,0.8464756492225128,5.4635,4.180999999999999,
Micah Dallas,28,OAK,0,19.0,R,0.0,0.45605662781949147,0.0,1.018824394062855,4.775,3.929,
Michael Siani,28,CHC,1,,L,-0.0,-0.0,-0.0,-0.0,11.795000000000003,6.638,
Anthony Bender,33,DET,0,37.0,R,0.0,0.9846423590356648,0.0,0.9846423590356648,3.9784999999999995,3.9784999999999995,
Adrian Alcantara,28,Free,0,,R,0.0,0.0,2.025669700301802,0.0,5.3690000000000015,4.4375,
Eduardo Salazar,30,Free,0,,R,0.0,0.5080327969915541,0.0,0.5080327969915541,4.694000000000001,4.694000000000001,
Woo-suk Go,29,Free,0,,R,0.0,0.4646923709217728,0.0,0.4646923709217728,4.761500000000001,4.761500000000001,
Luis Gonzalez,32,CHC,1,,L,-0.0,-0.0,-0.0,-0.0,8.838500000000002,8.838500000000002,
Alex Cornwell,29,MIL,1,,L,0.0,0.0,0.0,1.0437861109777373,4.8425,3.893,
Luis Verdugo,27,CHC,1,,R,-0.0,-0.0,-0.0,-0.0,11.795000000000003,11.795000000000003,
Luis De Avila,27,LAD,1,,L,0.0,0.0,3.1782931577302973,0.0,5.031500000000001,3.8705,
Damon Jones,33,MIA,1,,L,0.0,0.746825938031526,0.0,0.746825938031526,4.329499999999999,4.329499999999999,
Jose A. Ferrer,28,TOR,0,35.0,L,0.0,1.2017732906190335,0.0,1.9611607522764016,3.668,2.6510000000000007,
Robert Colina,27,SEA,1,,R,2.025669700301802,0.0,2.7042692783113083,0.0,4.4375,4.1,
Jesus Gonzalez,27,Free,0,,L,-0.0,-0.0,0.0,0.13567335673356654,6.314000000000002,5.288,
Ronny Henriquez,28,HOU,1,,R,0.0,0.675223233433934,0.0,1.0594310525767658,4.4375,3.8705,
Dario Gardea,29,SEA,1,,R,0.0,0.7378358477855594,0.0,1.3241707862235497,4.342999999999999,3.4969999999999994,
Wilkin Ramos,27,Free,0,,R,-0.0,-0.1859707699967796,0.0,1.0344153611157771,5.828000000000002,3.906499999999999,
Alan Perdomo,26,SEA,1,,R,0.0,0.3447615130952659,0.0,0.941371282369113,4.9505,4.041499999999999,
Robert Cruz,28,Free,0,,R,-0.0,-0.0,1.3681698834584743,0.0,7.502000000000002,4.775,
Justin Martinez,26,AZ,0,20.0,R,0.0,1.8942951797530994,0.0,2.3973396341997018,2.7364999999999995,2.1110000000000007,
Pablo Aliendo,27,CHC,0,,R,-0.0,-0.0,-0.0,-0.0,11.862500000000004,11.862500000000004,
Codi Heuer,32,WSH,1,,R,0.0,0.5080327969915541,0.0,0.5080327969915541,4.694000000000001,4.694000000000001,
Gabriel Cotto,28,Free,0,,L,0.0,0.0,1.342294855564507,0.0,5.4635,4.788499999999999,
Tim Herrin,31,BAL,0,30.0,L,0.0,1.144501925897275,0.0,1.144501925897275,3.748999999999999,3.748999999999999,
Connor Noland,28,CHC,1,,R,0.0,0.0,2.824113847107339,0.0,4.5184999999999995,4.0415,
Luke Little,27,CHC,0,23.0,L,0.0,1.4585500374550335,0.0,1.6257789542908048,3.3125,3.0875,
Andrew Saalfrank,30,WSH,1,,L,0.0,0.941371282369113,0.0,0.941371282369113,4.041499999999999,4.041499999999999,
Declan Cronin,30,CHC,0,8.0,R,0.0,1.2273720379915078,0.0,1.2273720379915078,3.6319999999999997,3.6319999999999997,
Abner Uribe,28,DET,1,,R,0.0,1.2691616888130357,0.0,1.6834962814406287,3.5735,3.011,
Yosber Sanchez,27,Free,0,,R,0.0,0.3959058560934409,0.0,1.4453321489961921,4.8695,3.3305,
Brendan White,29,AZ,0,43.0,R,0.0,0.7198898485417448,0.0,0.9167614560280483,4.37,4.0775,
Carson Coleman,30,CWS,1,,R,0.0,0.9352109096396544,0.0,0.9352109096396544,4.0504999999999995,4.0504999999999995,
Andre Pallante,29,CHC,0,118.0,R,3.7302504441794246,0.0,5.45278332785351,0.0,3.6094999999999997,2.8355,
Evan Fitterer,28,Free,0,,R,0.0,0.09461555141808169,2.240477814094578,0.0,5.3555,4.329499999999999,
Cristian Gonzalez,26,CHC,1,,R,-0.0,-0.0,-0.0,-0.0,11.862500000000004,11.862500000000004,
Gabriel Jackson,26,HOU,1,,R,0.0,0.6930559785112481,3.1970955254742637,0.0,4.410499999999999,3.861499999999999,
Luis Talavera,26,CHC,1,,R,0.0,0.6219943285553352,0.0,0.6219943285553352,4.5184999999999995,4.5184999999999995,
Gabriel Barbosa,26,PIT,0,45.0,R,0.0,0.0,3.8365180052698356,0.0,3.9875,3.5599999999999996,
Brainer Bonaci,26,CHC,1,,R,-0.0,-0.0,-0.0,-0.0,11.862500000000004,11.862500000000004,
Luis Carrasco,26,CHC,1,,R,-0.0,-0.0,-0.0,-0.0,6.4085,6.4085,
Michael Arias,26,Free,0,,R,0.0,0.23523723179208303,0.0,1.2982329278024787,5.1259999999999994,3.533,
Listher Sosa,26,CHC,1,,R,0.0,0.45605662781949147,0.0,0.9784448215153473,4.775,3.9875,
Yorlin Calderon,26,SEA,1,,R,0.0,0.551644596986773,0.0,1.0939693246607252,4.626500000000001,3.8209999999999997,
Andrew Jenkins,27,CHC,1,,R,-0.0,-0.0,-0.0,-0.0,11.795000000000003,9.581000000000003,
Jorge Ramos,26,AZ,1,,R,0.0,0.0,2.768718009760744,0.0,4.9369999999999985,4.068499999999999,
Jean Pinto,27,COL,1,,R,0.0,0.2939943699589495,0.0,0.675223233433934,5.031500000000001,4.4375,
Sam Bachman,28,LAA,1,,R,0.0,0.2939943699589495,3.2347491276621354,0.0,5.031500000000001,3.8434999999999997,
Nate Savino,26,Free,0,,L,-0.0,-0.7927004953434932,1.8659829856660055,0.0,6.921500000000002,4.5184999999999995,
Carson Seymour,29,SF,1,,R,0.0,0.0,2.5942336874051573,0.0,4.8425,4.154000000000001,
Ben Joyce,27,CHC,0,33.0,R,0.0,0.0,0.0,0.0,3.8209999999999997,3.3709999999999996,
Nick Frasso,29,OAK,0,80.0,R,2.9911603532029947,0.0,2.9911603532029947,0.0,3.9605,3.9605,
Juan Corniel,25,CHC,1,,R,-0.0,-0.0,-0.0,-0.0,11.862500000000004,11.862500000000004,
Brayan Medina,25,LAD,1,,R,0.0,0.0,2.7042692783113083,0.0,5.1125,4.1,
Dax Fulton,26,SF,0,41.0,L,2.186571475540731,0.0,3.000478697941598,0.0,4.3565000000000005,3.9559999999999995,
Orion Kerkering,27,PHI,0,41.0,R,0.0,2.1182716940905424,0.0,2.7605926323799284,2.452999999999999,1.6835000000000004,
Quinn Mathews,27,STL,1,,L,2.321594496536775,0.0,2.321594496536775,0.0,4.289000000000001,4.289000000000001,
Josh Hartle,25,CHC,1,,L,-0.0,-0.0,0.0,0.0,6.4085,4.8695,
Andrew Painter,25,PHI,0,78.0,R,0.0,0.9198330715158444,0.0,0.9352109096396544,4.0729999999999995,4.0504999999999995,
Christian Coppola,24,DET,1,,R,-0.7920338909027419,-0.0,3.1313583329332118,0.0,5.963000000000002,3.893,
Carter Baumler,26,CHC,1,,R,-0.0,-0.0,0.0,0.0,5.571500000000001,4.289000000000001,
Jackson Fristoe,27,CHC,1,,R,-0.0,-0.0,0.0,0.0,5.828000000000002,3.9109999999999996,
Brendan Girton,26,TB,1,,R,0.0,0.1852731734489549,4.031052734757891,0.0,5.207000000000001,3.4699999999999998,
Louis Rodriguez,24,KC,1,,R,0.0,0.0782619735770985,0.0,0.9014230927704361,5.3825,4.1,
Luis Mendez,25,CHC,1,,R,-0.0,-0.0,-0.0,-0.0,11.862500000000004,11.862500000000004,
Jack Mahoney,26,COL,0,64.0,R,1.5240983909746624,0.0,3.000478697941598,0.0,4.694000000000001,3.9559999999999995,
Wyatt Crowell,26,CHC,0,17.0,L,0.0,1.0782497092207117,0.0,1.0782497092207117,3.8434999999999997,3.8434999999999997,
Nazier Mule,23,CHC,1,14.0,R,3.0564731821885647,0.0,4.021285248793395,0.0,3.9289999999999994,3.4744999999999995,
James Triantos,25,CHC,0,,R,-0.0,-0.0,-0.0,-0.0,11.795000000000003,6.908000000000001,
Norge Vera,28,SF,0,39.0,R,1.1877175682803227,0.0,4.635127549119451,0.0,4.8695,3.1955,
Kelvin Diaz,25,CHC,1,,R,-0.0,-0.0,-0.0,-0.0,11.795000000000003,11.795000000000003,
Franklin Sanchez,27,Free,0,,R,-0.0,-0.0,0.0,1.2177620123585775,6.314000000000002,3.6455,
Nick Altermatt,27,CWS,1,,R,0.0,0.4646923709217728,0.0,1.1034174641821146,4.761500000000001,3.8074999999999997,
Trey Gibson,27,BOS,1,,R,1.5240983909746624,0.0,3.1782931577302973,0.0,4.694000000000001,3.8705,
Jacob Watters,27,TB,1,,R,0.0,0.6219943285553352,2.824113847107339,0.0,4.5184999999999995,4.041499999999999,
Brett Banks,26,HOU,1,,R,0.0,0.3447615130952659,0.0,0.728857158513577,4.9505,4.3565000000000005,
Zac McCleve,27,Free,0,,R,-0.0,-0.0,0.0,0.3447615130952659,7.178000000000003,4.9505,
Gavin Bruni,25,CHC,1,,L,-0.0,-0.40978109861000206,0.0,0.13567335673356654,6.219500000000001,5.288000000000002,
Owen Caissie,26,CHC,0,,R,-0.0,-0.0,-0.0,-0.0,11.862500000000004,11.862500000000004,
Alexander Alberto,26,MIL,1,,R,0.0,0.975348051865303,0.0,1.1318358211358546,3.9919999999999995,3.7669999999999995,
Felix Cabrera,26,NYM,1,,L,0.0,0.45605662781949147,0.0,1.5954009238028783,4.775,3.1279999999999992,
Marlon Franco,25,SF,1,,R,-0.0,-0.0,0.0,0.45605662781949147,5.963,4.775,
Daniel Palencia,28,CHC,1,,R,0.0,0.0,0.0,0.0,4.964,3.9334999999999996,
Josh Bostick,26,SF,1,,R,-0.0,-0.7568634045176851,3.348102395830821,0.0,6.854000000000002,3.7894999999999994,
Blake Pivaroff,27,CIN,1,,R,0.0,0.45605662781949147,0.0,0.8464756492225128,4.775,4.180999999999999,
Bryson Hammer,26,LAA,1,,L,0.0,0.7919481663206908,0.0,1.2627170001380998,4.261999999999998,3.5824999999999996,
Evan Aschenbeck,27,CHC,1,,L,-0.0,-0.0,0.0,0.0,5.828,3.425,
Paul Bonzagni,26,TEX,1,,R,1.3681698834584743,0.0,2.1596695456252344,0.0,4.775,4.37,
Connelly Early,26,BOS,1,,L,2.025669700301802,0.0,2.1596695456252344,0.0,4.4375,4.37,
Teddy McGraw,26,CHC,1,,R,-0.0,-0.0,0.0,0.0,6.584000000000001,4.275499999999999,
Wessley Roberson,20,CHC,1,,R,-0.0,-0.0,-0.0,-0.0,12.200000000000003,12.200000000000003,
Dawson Brown,26,Free,0,,R,-0.0,-0.46267492544161554,0.0,1.0625641025641022,6.314000000000002,3.8659999999999997,
Matt Shaw,26,CHC,0,,R,-0.0,-0.0,-0.0,-0.0,11.795000000000003,11.795000000000003,
Aaron Munson,26,Free,0,,R,-0.0,-0.37173467325074466,0.0,0.1852731734489549,6.152000000000001,5.207000000000001,
Sam Brodersen,26,Free,0,,R,-0.0,-0.0,0.0,1.0032670193834636,7.934000000000003,3.9514999999999993,
Everett Catlett,26,Free,0,,L,-0.0,-0.31039545072098035,1.3940771127653184,0.0,6.044000000000001,4.761500000000001,
Aidan Layton,26,OAK,1,,R,-0.0,-0.0,2.8333603547756425,0.0,6.044000000000001,4.036999999999999,
Owen Woodward,26,NYM,1,,R,-0.0,-0.0,2.8333603547756425,0.0,5.7875000000000005,4.036999999999999,
Kiefer Lord,26,MIL,1,,R,0.3576610184727397,0.0,3.5861627286400455,0.0,5.315,3.6769999999999996,
Javier Francisco,25,CHC,1,,R,-0.0,-0.0,-0.0,-0.0,11.795000000000003,11.795000000000003,
Ocean Gabonia,26,CHC,1,,R,0.0,0.0,0.0,0.0,5.1259999999999994,4.788499999999999,
Wilmer Flores,27,MIN,0,,R,0.0,0.5080327969915541,0.0,1.037537595187817,4.694000000000001,3.9019999999999992,
Dennis Colleran,24,KC,1,,R,-0.0,-0.7927004953434932,2.759499214547533,0.0,6.921500000000002,4.0729999999999995,
Brady Tygart,25,BOS,1,,R,-0.6753192141746478,-0.0,2.824113847107339,0.0,5.895500000000002,4.041499999999999,
Josh Randall,25,WSH,1,5.0,R,1.654933790960319,0.0,3.2819079739821757,0.0,4.626500000000001,3.8209999999999997,
Drew Gray,25,CHC,1,,L,-0.0,-0.0,0.0,0.0,6.584000000000001,4.0729999999999995,
Noah Miller,25,CHC,0,,R,-0.0,-0.0,-0.0,-0.0,11.930000000000003,11.673500000000004,
Logan McGuire,25,Free,0,,R,-0.0,-0.2251064047248826,1.0342845392857978,0.0,5.895500000000002,4.9505,
Walter Pennington,30,ATL,1,,L,0.0,0.5080327969915541,0.0,0.5080327969915541,4.694000000000001,4.694000000000001,
Angel Cepeda,22,CHC,1,,R,-0.0,-0.0,-0.0,-0.0,11.930000000000003,11.930000000000003,
Travis Garnett,25,Free,0,,L,-0.0,-0.3257842498007674,0.0,1.3795933741105573,6.071,3.4205,
Yonathan Ochoa,25,CHC,1,,R,-0.0,-0.0,2.759499214547533,0.0,6.665000000000001,4.0729999999999995,
Po-Yu Chen,26,SD,1,,R,0.0,0.9044881396768042,3.6053198718571005,0.0,4.0954999999999995,3.668,
Leonel Espinoza,25,CHC,1,,R,-0.0,-0.0,-0.0,-0.0,11.862500000000004,11.862500000000004,
Marino Santy,26,CHC,1,,L,0.0,0.0,0.0,0.0,5.207000000000001,4.9505,
Craig Yoho,28,CHC,0,34.0,R,0.0,1.0281749362494712,0.0,1.841915763164117,3.9154999999999998,2.8039999999999994,
Cooper McKeehan,27,Free,0,,L,0.0,0.9598841603615221,0.0,1.5083271387746333,4.014499999999999,3.2449999999999997,
Joey Mancini,27,HOU,1,,R,0.0,0.0,3.1782931577302973,0.0,5.031500000000001,3.8705,
Andrew Taylor,26,CHC,1,,R,0.0,0.0,0.0,0.0,5.045,4.7075,
Drew Sommers,27,CHC,0,32.0,L,0.0,1.1762638498562523,0.0,1.6088871150136363,3.7039999999999993,3.11,
Will Warren,29,OAK,0,84.0,R,2.7042692783113083,0.0,2.9353344645460417,0.0,4.1,3.9875,
Brian Hendry,28,NYY,1,,R,1.1877175682803227,0.0,2.926044155595909,0.0,4.8695,3.9919999999999995,
Blake Larson,22,Free,0,,L,-0.0,-0.7568634045176851,0.0,0.32779742753044444,6.854000000000002,4.9775,
Troy Taylor,26,BOS,0,8.0,R,0.0,0.9939486737802441,0.0,1.6528850082976827,3.965,3.0515,
Cam Schlittler,27,MIA,1,,R,0.8567086764638993,0.0,3.2347491276621354,0.0,5.045,3.8434999999999997,
Brandyn Garcia,28,SEA,1,,L,1.654933790960319,0.0,2.321594496536775,0.0,4.626500000000001,4.289000000000001,
Will Schomberg,27,CHC,1,,R,0.0,0.0,0.0,0.0,4.6129999999999995,4.6129999999999995,
Joey Danielson,27,STL,1,,R,0.0,0.0,0.0,0.551644596986773,4.883,4.626500000000001,
Andrew Lindsey,27,TB,1,,R,1.5240983909746624,0.0,3.000478697941598,0.0,4.694000000000001,3.9559999999999995,
Aaron Rund,29,TOR,1,,R,0.0,0.9229060032535813,0.0,1.0782497092207117,4.068499999999999,3.8434999999999997,
Landon Tomkins,28,PIT,1,,R,0.0,0.45605662781949147,0.0,1.1381661189509633,4.775,3.758,
Brady Murrietta,21,CHC,1,,R,-0.0,-0.0,-0.0,-0.0,12.200000000000003,12.200000000000003,
Victor Christal,22,CHC,1,,R,-0.0,-0.0,0.0,0.0,9.122000000000003,4.8425,
Sheng-En Lin,22,CHC,1,,R,-0.0,-0.0,0.0,0.0,7.961,4.37,
Matthew Sharman,20,CIN,1,,R,-0.0,-0.0,3.7206151450262843,0.0,6.921500000000002,3.613999999999999,
JD Dohrmann,21,COL,1,,R,-0.0,-0.5597740161234089,3.000478697941598,0.0,6.489500000000001,3.9559999999999995,
Luke Gabrysh,25,Free,0,,R,-0.0,-0.0,0.0,0.9846423590356648,7.326500000000002,3.9784999999999995,
Keaton Neal,20,DET,1,,R,-0.0,-1.3069111575786834,2.7134644190304127,0.0,7.934000000000003,4.0954999999999995,
Brennan Seiber,23,Free,0,,R,-0.0,-0.0,3.1782931577302973,0.0,6.570500000000001,3.8705,
Josh Adamczewski,23,CHC,1,,R,-0.0,-0.0,-0.0,-0.0,11.862500000000004,11.862500000000004,
Spencer Browning,20,CHC,1,,R,-0.0,-0.0,-0.0,-0.0,12.200000000000003,12.200000000000003,
Ronny Cruz,21,CHC,1,,R,-0.0,-0.0,-0.0,-0.0,12.065000000000003,11.808500000000002,
Trey Gregory-Alford,22,AZ,1,,R,0.0,0.013241469523659807,0.0,1.5216573251988166,5.490500000000002,3.2269999999999994,
Brandon Luu,23,Free,0,,L,-0.0,-0.0,0.4070200702006996,0.0,8.271500000000003,5.288000000000002,
Tate Smith,24,Free,0,,R,-0.0,-0.0,3.6628918590522495,0.0,6.732500000000001,3.6409999999999996,
Max Stanley,23,Free,0,,R,-0.0,-0.0,0.9072886297376098,0.0,10.931000000000003,5.018,
Jordan Stephens,23,Free,0,,R,-0.0,-0.0,2.052401910291225,0.0,7.583000000000003,4.424,
Shea Wendt,23,Free,0,,R,-0.0,-0.0,1.8925136433602314,0.0,7.326500000000002,4.505,
Justin LeGuernic,22,Free,0,,L,-0.0,-0.0,0.0,0.746825938031526,7.920500000000003,4.329499999999999,
Adam Serwinowski,24,OAK,0,,L,-0.0,-0.03511437944798764,3.57659042953118,0.0,5.571500000000001,3.6814999999999993,
Matt Scott,24,SEA,1,,R,-0.10534313834396292,-0.0,3.2819079739821757,0.0,5.571500000000001,3.8209999999999997,
Max Williams,23,CHC,1,,L,-0.0,-0.0,-0.0,-0.0,11.862500000000004,11.862500000000004,
Blake Cyr,24,CHC,1,,R,-0.0,-0.0,-0.0,-0.0,11.862500000000004,11.862500000000004,
Luis Rujano,25,CHC,1,,R,-0.0,-0.0,0.0,0.0,6.1655000000000015,4.018999999999999,
Jake Clemente,24,DET,1,,R,-0.0,-0.01098004302989832,2.8333603547756425,0.0,5.531,4.036999999999999,
Leighton Finley,24,WSH,1,,R,0.23478592073129553,0.0,3.528791549568757,0.0,5.3825,3.7039999999999997,
Noah Schultz,24,CWS,0,70.0,L,3.943300154075669,0.0,3.943300154075669,0.0,3.5105,3.5105,
Jacob Pruitt,24,CIN,1,,R,-0.10534313834396292,-0.0,3.7109840651988812,0.0,5.571500000000001,3.6184999999999996,
Anthony Watts,24,CHC,1,,R,-0.0,-0.0,0.0,0.0,7.529000000000002,5.220500000000001,
Dylan Dreiling,25,CHC,1,,L,-0.0,-0.0,-0.0,-0.0,11.862500000000004,11.862500000000004,
Brock Porter,25,CHC,1,,R,-0.0,-0.0,0.0,0.0,5.544500000000001,4.8695,
Derrick Smith,24,CHC,1,,R,0.0,0.0,0.0,0.0,5.3825,3.4519999999999995,
Drew Lafferty,24,CHC,1,,R,1.5240983909746624,0.0,3.1782931577302973,0.0,4.694000000000001,3.8705,
Ben Abeldt,24,PIT,0,35.0,L,0.0,1.3339210644463488,0.0,1.8453965760424331,3.4834999999999994,2.7994999999999997,
Griffin Herring,25,CHC,1,,L,-0.0,-0.0,0.0,0.0,5.99,4.626500000000001,
James Tallon,24,COL,1,,L,0.0,0.1274418534925372,0.0,1.1571900959754826,5.301500000000001,3.7309999999999994,
Tanner Jones,25,CHC,1,,R,-0.0,-0.0,-0.0,-0.0,7.083500000000001,6.4895,
Daniel Avitia,25,CHC,1,,R,-0.0,-0.0,0.0,0.0,6.4085,5.1259999999999994,
Ariel Armas,25,CHC,1,,R,-0.0,-0.0,-0.0,-0.0,12.200000000000003,12.200000000000003,
Ryan Gallagher,25,CHC,1,,R,0.0,0.0,0.0,0.0,5.0584999999999996,4.127,
Quinton Low,25,MIL,1,,R,1.4719926114061432,0.0,3.2159141750655476,0.0,4.720999999999999,3.8524999999999996,
Nolan Sparks,25,Free,0,,R,0.0,0.0,0.0,0.4646923709217728,5.3555,4.761500000000001,
Eli Jones,25,OAK,1,,R,0.0,0.0,3.972512358670649,0.0,5.031500000000001,3.4969999999999994,
Shea Sprague,25,BOS,1,,L,-0.0,-0.0,2.898197187134366,0.0,6.125,4.0055,
Dalton Pence,25,TEX,1,,L,-0.0,-0.4173637789384334,0.0,1.9223781269364302,6.233000000000002,2.7005,
Cole Tolbert,25,BOS,1,,R,2.759499214547533,0.0,2.759499214547533,0.0,4.0729999999999995,4.0729999999999995,
Rafe Schlesinger,25,PIT,0,78.0,L,0.0,0.675223233433934,3.6053198718571005,0.0,4.4375,3.668,
Xavier Kolhosser,25,MIN,1,,R,-0.0,-0.0,4.365730087403092,0.0,6.125,3.3169999999999993,
Phil Fox,25,TOR,0,37.0,R,0.0,1.04066117818368,0.0,1.6359322937491676,3.8974999999999995,3.0739999999999994,
Matt McShane,25,ATL,1,,R,-0.0,-0.31039545072098035,2.9539270771069943,0.0,6.044000000000001,3.9784999999999995,
Ethan Dorchies,21,CHC,1,,R,-0.0,-0.0,0.0,0.0,7.421,5.45,
Christian Olivo,24,CHC,1,,R,-0.0,-0.0,-0.0,-0.0,11.930000000000003,11.930000000000003,
Zach Cawyer,25,WSH,1,,R,-0.0,-0.0751458231810866,0.0,1.3795933741105573,5.639000000000001,3.4205,
Cody Morse,25,OAK,1,,L,-0.0,-0.0751458231810866,3.2347491276621354,0.0,5.639000000000001,3.8434999999999997,
Parker Smith,25,CHC,1,,R,-0.0,-0.0,-0.0,-0.0,6.773000000000002,6.435500000000003,
Dominic Hambley,25,CHC,1,,R,-0.0,-0.0,0.0,0.0,6.746,3.7849999999999997,
Jacob Mayers,24,WSH,1,,R,-0.0,-0.37173467325074466,4.514994921594373,0.0,6.152000000000001,3.2494999999999994,
Joshua Evans,22,COL,1,,L,-0.0,-0.0,1.7074976199874614,0.0,9.473000000000003,4.5995,
Miguel Sime Jr.,21,COL,0,8.0,R,0.0,0.3788155714863756,5.338594278217872,0.0,4.8965000000000005,2.885,
Aiden Barrientes,20,KC,1,,R,-0.0,-0.6554289023546198,3.5957392085021715,0.0,6.665000000000001,3.6725,
Ty Peeples,21,CHC,1,,R,-0.0,-0.0,-0.0,-0.0,12.200000000000003,11.943500000000004,
Ryne Farber,23,CHC,1,,R,-0.0,-0.0,-0.0,-0.0,12.065000000000003,11.552000000000003,
Cooper Fulbright,21,CHC,1,,R,-0.0,-0.0,0.0,0.0,8.285000000000002,5.031500000000001,
Eli Lovich,22,CHC,1,,L,-0.0,-0.0,0.0,0.0,7.691000000000001,4.8695,
James Tronstein,20,CHC,1,,R,-0.0,-0.0,-0.0,-0.0,12.200000000000003,12.200000000000003,
Alec Blair,21,CHC,1,,L,-0.0,-0.0,-0.0,-0.0,12.200000000000003,12.200000000000003,
Cristian Hernandez,24,CHC,1,,R,-0.0,-0.0,-0.0,-0.0,11.862500000000004,11.862500000000004,
Kelvin Ramirez,27,CHC,1,,R,0.0,0.0,0.0,0.0,5.234000000000001,3.6005,
Dikember Sanchez,24,MIL,1,,R,0.0,1.0562993576497355,0.0,1.8071947294815418,3.8749999999999996,2.8489999999999993,
Jedixson Paez,24,BOS,1,,R,0.0,0.8464756492225128,0.0,0.8464756492225128,4.180999999999999,4.180999999999999,
Moises Ballesteros,24,CHC,0,,R,-0.0,-0.0,-0.0,-0.0,11.862500000000004,11.862500000000004,
Pedro Ramirez,24,CHC,1,,R,-0.0,-0.0,-0.0,-0.0,11.862500000000004,11.862500000000004,
Juan Pinto,23,WSH,1,,L,-0.0,-0.0,2.8426108315646395,0.0,5.5175,4.0325,
Bryant Betancourt,24,CHC,1,,R,-0.0,-0.0,-0.0,-0.0,11.862500000000004,11.862500000000004,
Ricardo Yan,25,CHC,1,10.0,R,0.5558195203468647,0.0,3.0564731821885647,0.0,5.207000000000001,3.9289999999999994,
Welinton Herrera,24,CHC,0,30.0,L,0.0,1.3111904412603714,0.0,1.3111904412603714,3.5149999999999997,3.5149999999999997,
Juan Rojas,24,BAL,1,,L,-0.0,-0.05916200952127563,2.052401910291225,0.0,5.612000000000001,4.424,
Ryan Loutos,29,STL,1,,R,0.0,0.9229060032535813,0.0,1.2434168147264748,4.068499999999999,3.6094999999999997,
Cole Miller,23,OAK,0,,R,-0.0,-0.3793617466467542,5.0300491129598095,0.0,6.1655000000000015,3.0199999999999996,
Adam Maier,26,ATL,1,,R,0.0,0.0,2.1596695456252344,0.0,4.775,4.37,
Allen Facundo,25,CWS,1,,L,0.6806532720230124,0.0,2.870386102228799,0.0,5.139500000000001,4.018999999999999,
Felix Arronde,25,KC,1,,R,0.0,0.551644596986773,0.0,0.773864832178925,4.626500000000001,4.289000000000001,
Junior William,28,CHC,1,,R,-0.0,-0.0,0.0,0.773864832178925,5.99,4.289000000000001,
Andy Rodriguez,25,TB,1,,R,0.0,0.9014230927704361,0.0,1.2949971098030604,4.1,3.5374999999999996,
Jean Calderon,27,Free,0,,R,-0.0,-0.0,0.0,0.438817323027849,7.272500000000001,4.8020000000000005,
Luis German,26,Free,0,,R,-0.0,-0.6554289023546198,0.0,0.8373587019113211,6.665000000000001,4.1945,
Ethan Wagner,22,CHC,1,,R,-0.0,-0.0,-0.0,-0.0,12.200000000000003,12.200000000000003,
Andrew Tess,21,CHC,1,,R,-0.0,-0.0,-0.0,-0.0,12.132500000000004,12.132500000000004,
Jack McKernan,21,Free,0,,L,-0.0,-0.7927004953434932,0.0,0.1274418534925372,6.921500000000002,5.301500000000001,
Griffin Kilander,25,CHC,1,,R,-0.0,-0.0,-0.0,-0.0,6.908000000000001,6.314000000000002,
Thomas Mangus,25,CHC,1,,R,-0.0,-0.11493856878897017,2.052401910291225,0.0,5.706500000000001,4.424,
Ryan Osinski,24,Free,0,,R,0.0,0.5080327969915541,0.0,0.9014230927704361,4.694000000000001,4.1,
Lance Davis,23,Free,0,,R,-0.0,-0.0,2.9539270771069943,0.0,8.8655,3.9784999999999995,
Jake Yeager,22,Free,0,,R,-0.0,-0.0,6.59411032766487,0.0,7.164500000000002,2.353999999999999,
Brayden Krenzel,22,MIA,1,,R,-0.0,-0.0,2.898197187134366,0.0,7.583000000000003,4.0055,
Boston Kellner,22,MIA,1,,R,-0.0,-0.0,2.3758444989620724,0.0,7.259000000000002,4.261999999999998,
Gavin Richars,21,Free,0,,R,-0.0,-0.0,0.0,0.19357511392309754,8.015,5.193499999999999,
Zion Theophilus,22,CHC,1,,R,-0.0,-0.0,-0.0,-0.0,8.1095,6.4895,
Emmanuel Lantigua,20,WSH,1,,R,-0.0,-0.0,1.7074976199874614,0.0,7.2455000000000025,4.5995,
Finn Leach,21,CHC,1,,R,-0.0,-0.0,-0.0,-0.0,12.132500000000004,12.132500000000004,
Jarlin Susana,24,WSH,0,37.0,R,2.8611237027317196,0.0,3.817158464614934,0.0,4.023499999999999,3.568999999999999,
Brayan Romero,26,COL,1,,R,-0.0,-0.0,0.5558195203468647,0.0,7.772000000000002,5.207000000000001,
Leonel Sequera,22,STL,1,,R,0.0,0.0,2.3758444989620724,0.0,5.288,4.261999999999998,
Jose Chirinos,23,NYM,1,,R,0.0,0.5779429987608429,3.310252392546344,0.0,4.585999999999999,3.8074999999999997,
Omar Victorino,23,PHI,1,,R,0.0,0.6663237471748124,5.8940885064222055,0.0,4.450999999999999,2.6464999999999996,
Alfred Morillo,26,AZ,1,,R,0.0,0.7198898485417448,0.0,1.9611607522764016,4.37,2.6510000000000007,
Josias Ramirez,23,CHC,1,,R,-0.0,-0.0,-0.0,-0.0,11.862500000000004,11.862500000000004,
Darlyn De Leon,23,CHC,1,,R,-0.0,-0.0,-0.0,-0.0,11.930000000000003,11.930000000000003,
Luis De Leon,25,BAL,1,,L,1.0597777879383652,0.0,1.0597777879383652,0.0,4.937,4.937,
Jose Escobar,23,CHC,1,,R,-0.0,-0.0,-0.0,-0.0,11.862500000000004,11.862500000000004,
Abel De Leon,23,CHC,1,,R,-0.0,-0.0,-0.0,-0.0,11.930000000000003,11.930000000000003,
Rodarni Salvador,23,ATL,1,,R,-0.0,-0.0,0.0,0.5080327969915541,6.921500000000002,4.694000000000001,
Franklin Gil,25,Free,0,,R,-0.0,-0.0751458231810866,0.0,0.773864832178925,5.639000000000001,4.289000000000001,
David Landeta,25,Free,0,,R,-0.0,-0.0,0.0,0.5080327969915541,7.421,4.694000000000001,
Marco Corcho,23,Free,0,,R,-0.0,-0.37173467325074466,0.0,0.6131618994378701,6.152000000000001,4.532,
Yeferson Silva,23,CWS,1,,R,-0.0,-0.0,1.5240983909746624,0.0,6.314000000000002,4.694000000000001,
Wilmer Blanco,24,TOR,1,,R,-0.0,-0.0,0.0,0.3447615130952659,5.544500000000001,4.9505,
Kolton Curtis,24,TEX,1,,R,1.550200097157002,0.0,2.9539270771069943,0.0,4.680499999999999,3.9784999999999995,
Jorge Alvarez,21,CHC,1,,R,-0.0,-0.0,0.0,0.0,7.002500000000001,5.031500000000001,
Jason Doktorczyk,25,MIN,1,,R,-0.0,-0.0,3.7881510004142993,0.0,5.720000000000001,3.5824999999999996,
Jordan Yost,21,CHC,1,,R,-0.0,-0.0,-0.0,-0.0,12.200000000000003,12.200000000000003,
Kenton Deverman,23,MIL,1,,L,-0.0,-0.16237777728876504,0.0,1.1858194542089904,5.7875000000000005,3.6905,
Blane Metz,21,Free,0,,R,-0.0,-0.0,0.7308008073843921,0.0,9.216500000000002,5.1125,
Kenny Michaels,22,CHC,1,,L,-0.0,-0.0,-0.0,-0.0,7.0565000000000015,6.2059999999999995,
Nelson Keljo,24,MIL,1,,L,-0.8152942973745703,-0.0,3.2347491276621354,0.0,5.9765000000000015,3.8434999999999997,
Tyson Hardin,26,Free,0,,R,-0.0,-0.40978109861000206,0.0,0.19357511392309754,6.219500000000001,5.193499999999999,
Jude Warwick,22,CHC,1,,R,-0.0,-0.0,-0.0,-0.0,12.132500000000004,12.132500000000004,
Hayden Cooper,26,NYM,1,,R,-0.0,-0.16237777728876504,2.898197187134366,0.0,5.7875000000000005,4.0055,
Nick Wissman,27,SD,1,,R,-0.0,-0.12286866189929635,0.0,1.5954009238028777,5.720000000000001,3.128,
Haniel De Frias,23,Free,0,,R,-0.0,-0.0,0.0,0.3873554261966967,7.448000000000002,4.883,
David Guzman,22,CHC,1,,L,-0.0,-0.0,-0.0,-0.0,11.930000000000003,11.930000000000003,
Abraham Nunez,22,CHC,1,,R,-0.0,-0.0,-0.0,-0.0,11.862500000000004,11.862500000000004,
Yordin Chalas,24,NYM,0,24.0,R,0.0,1.0344153611157771,0.0,1.4387320064780786,3.906499999999999,3.3394999999999997,
Jostin Florentino,23,SEA,1,,R,0.23478592073129553,0.0,2.025669700301802,0.0,5.3825,4.4375,
Fernando Roquez,22,CHC,1,,R,-0.0,-0.0,-0.0,-0.0,11.862500000000004,11.862500000000004,
Kelvin Alcantara,22,CHC,1,,L,-0.0,-0.0,-0.0,-0.0,11.862500000000004,11.862500000000004,
Yerlin Luis,22,CHC,1,,R,-0.0,-0.0,-0.0,-0.0,11.862500000000004,11.862500000000004,
Felix Amparo,22,CHC,1,,R,-0.0,-0.0,-0.0,-0.0,11.862500000000004,11.862500000000004,
Yaikel Mijares,22,CHC,1,,R,-0.0,-0.0,-0.0,-0.0,11.862500000000004,11.862500000000004,
Davidxon Lara,21,CHC,1,,R,-0.0,-0.0,0.0,0.0,5.882000000000001,3.8659999999999997,
Oswaldo Patino,22,CHC,1,,R,-0.0,-0.0,-0.0,-0.0,11.930000000000003,11.930000000000003,
Mason Bolivar,21,CHC,1,,R,-0.0,-0.0,-0.0,-0.0,11.862500000000004,11.862500000000004,
Gabriel Terrero,22,CHC,1,,R,-0.0,-0.0,-0.0,-0.0,11.862500000000004,11.862500000000004,
Jose Feliz,22,WSH,1,,R,-0.8152942973745703,-0.0,3.4240000000000004,0.0,5.9765000000000015,3.7534999999999994,
Derniche Valdez,22,CHC,1,,R,-0.0,-0.0,-0.0,-0.0,11.862500000000004,11.862500000000004,
Nixson Cueche,22,CHC,1,,R,-0.0,-0.0,-0.0,-0.0,11.862500000000004,11.862500000000004,
Kleyver Salazar,22,CHC,1,,R,-0.0,-0.0,-0.0,-0.0,11.930000000000003,11.930000000000003,
Adriander Mejia,21,CHC,1,,R,-0.0,-0.0,-0.0,-0.0,11.862500000000004,11.862500000000004,
Willian Berti,22,CHC,1,,L,-0.0,-0.0,-0.0,-0.0,11.930000000000003,11.930000000000003,
Emmanoel Madeira,21,CHC,1,,R,-0.0,-0.0,-0.0,-0.0,8.285000000000002,6.314000000000002,
Fabian Lopez,22,CHC,0,,R,-0.0,-0.0,-0.0,-0.0,11.862500000000004,11.606000000000003,
Fermin Magallanes,26,BAL,1,,R,-0.0,-0.0,0.0,2.0250478534317753,7.178000000000003,2.57,
Daniel Lopez,22,CHC,1,,L,-0.0,-0.0,-0.0,-0.0,11.930000000000003,11.930000000000003,
Pedro Roque,22,CHC,1,,R,-0.0,-0.0,-0.0,-0.0,11.930000000000003,11.930000000000003,
Daviel Hurtado,23,NYM,1,,L,0.25930143926825855,0.0,3.009801058150391,0.0,5.3690000000000015,3.9514999999999993,
Jorge Ramirez,22,CHC,1,,R,-0.0,-0.0,-0.0,-0.0,11.930000000000003,11.930000000000003,
Brayhans Barreto,27,DET,1,,L,-0.0,-0.0751458231810866,2.186571475540731,0.0,5.639000000000001,4.3565000000000005,
Keiberg Camacaro,21,CHC,1,,R,-0.0,-0.0,-0.0,-0.0,11.862500000000004,11.862500000000004,
Joel Canizalez,25,SF,1,,R,-0.0,-0.12286866189929635,0.0,0.9815429236187474,5.720000000000001,3.983,
Fernando Cruz,21,CHC,1,,R,-0.0,-0.0,-0.0,-0.0,11.862500000000004,11.862500000000004,
Leandro Romero,21,CHC,1,,R,-0.0,-0.0,-0.0,-0.0,11.862500000000004,11.606000000000003,
Jhostin Betances,21,CHC,1,,R,-0.0,-0.0,-0.0,-0.0,10.377500000000003,6.786500000000002,
Yohandri Contreras,21,CHC,1,,R,-0.0,-0.0,-0.0,-0.0,7.340000000000002,5.706500000000001,
Rafael Lasorsa,21,CHC,1,,L,-0.0,-0.0,-0.0,-0.0,8.96,6.651500000000002,
Enyel Rosario,21,CHC,1,,R,-0.0,-0.0,-0.0,-0.0,11.862500000000004,11.862500000000004,
Jonnhan Sanchez,21,CHC,1,,L,-0.0,-0.0,-0.0,-0.0,11.862500000000004,11.862500000000004,
Christopher Montilla,21,CHC,1,,R,-0.0,-0.0,-0.0,-0.0,9.581000000000003,7.272500000000001,
Edgardo De Leon,21,CHC,1,,R,-0.0,-0.0,-0.0,-0.0,11.795000000000003,11.795000000000003,
Reiver Camacho,21,STL,1,,R,-0.0,-0.6918414918414921,3.1313583329332118,0.0,6.732500000000001,3.893,
Oliver Gonzalez,21,LAD,1,,R,-0.0,-0.0,0.0,0.6308378811200771,6.732500000000001,4.505,
Andry Batista,21,CHC,1,,R,-0.0,-0.0,-0.0,-0.0,12.200000000000003,11.943500000000004,
Victor Espiritu,23,TOR,1,,R,-0.0,-0.31039545072098035,0.9072886297376098,0.0,6.044000000000001,5.018,
Yhoiker Fajardo,21,BOS,1,,R,-0.0,-0.11493856878897017,2.5668127858209138,0.0,5.706500000000001,4.1674999999999995,
Luis Maracara,20,SD,1,,R,-0.0,-0.8283353537042465,1.8659829856660055,0.0,6.989000000000002,4.5184999999999995,
Andy Fabian,25,STL,1,,L,0.0,0.03755063140338318,0.0,0.9846423590356648,5.45,3.9784999999999995,
Rene Yrish,21,Free,0,,R,-0.0,-0.7855493107401519,0.0,0.3447615130952637,6.908000000000003,4.950500000000002,
Guillermo Sosa,21,CHC,1,,R,-0.0,-0.0,-0.0,-0.0,12.200000000000003,11.943500000000004,
Lender Bracho,23,TOR,1,,R,-0.0,-0.0,0.0,0.6308378811200771,5.7875000000000005,4.505,
Deivy Victora,22,NYM,1,,R,-0.0,-0.6481213740080435,0.4070200702006996,0.0,6.651500000000002,5.288000000000002,
Alejandro Chiquillo,25,NYM,1,,R,0.9072886297376098,0.0,0.9072886297376098,0.0,5.018,5.018,
Frailyn Severino,21,CHC,1,,R,-0.0,-0.0,-0.0,-0.0,12.200000000000003,12.200000000000003,
Darian Rivero,23,CHC,1,,R,-0.0,-0.0,0.0,0.0,6.732500000000001,5.1125,
Luis Ghisays,22,CHC,1,,R,-0.0,-0.0,-0.0,-0.0,6.719000000000001,6.030500000000002,
Alexander Mambel,21,CHC,1,,R,-0.0,-0.0,-0.0,-0.0,12.200000000000003,12.200000000000003,
Dariel Morillo,21,CHC,1,,R,-0.0,-0.0,-0.0,-0.0,8.690000000000001,7.407500000000001,
Jesus Travieso,21,Free,0,,R,-0.0,-0.0,0.0,0.7829007441633845,7.5965000000000025,4.275500000000001,
Juan Cabada,20,CHC,1,,R,-0.0,-0.0,-0.0,-0.0,12.200000000000003,12.200000000000003,
Juan Tomas,20,CHC,1,,R,-0.0,-0.0,-0.0,-0.0,12.200000000000003,12.200000000000003,
Wilfri De La Cruz,20,CHC,1,,R,-0.0,-0.0,-0.0,-0.0,12.200000000000003,12.200000000000003,
Wei-En Lin,22,OAK,1,,L,-0.3448157063669105,-0.0,2.9539270771069943,0.0,5.706500000000001,3.9784999999999995,
Brayan Cortesia,20,CHC,1,,R,-0.0,-0.0,-0.0,-0.0,12.200000000000003,11.943500000000004,
Bill Alcala,20,CWS,1,,L,0.0,0.30242954324586996,3.6053198718571005,0.0,5.018,3.668,
Miguel Villarreal,19,Free,0,,R,-0.0,-0.0,0.0,0.2939943699589495,9.554000000000002,5.031500000000001,
Rod Gamez,19,CHC,1,,R,-0.0,-0.0,-0.0,-0.0,11.322500000000003,8.069000000000003,
Sansão Guimares,19,CHC,1,,L,-0.0,-0.0,-0.0,-0.0,12.200000000000003,10.566500000000001,
Billy Thompson,19,Free,0,,R,-0.0,-0.0,5.3178938874319135,0.0,8.595500000000003,2.894,
Diego Rodriguez,20,OAK,1,,R,-0.0,-0.0,0.0,0.9939486737802441,7.2455000000000025,3.965,
Pedro Ramos,23,Free,0,,R,-0.0,-0.26401129696758063,0.0,0.9044881396768042,5.963000000000002,4.0954999999999995,
Jeff Chabert,20,CHC,1,,R,-0.0,-0.0,-0.0,-0.0,12.200000000000003,11.255000000000003,
George Rotunno,22,KC,1,,L,-0.0,-0.6481213740080435,2.052401910291225,0.0,6.651500000000002,4.424,
Phil Kirstein,22,CHC,1,,R,-0.0,-0.0,-0.0,-0.0,7.407500000000001,5.5175,
Justin Callahan,23,CWS,1,,R,-0.0,-0.0,3.4240000000000004,0.0,6.057500000000001,3.7534999999999994,
John Robertson,22,CHC,1,,R,-0.0,-0.0,-0.0,-0.0,12.200000000000003,11.511500000000003,
William Lugo,23,MIN,1,,R,-0.0,-0.0,3.4240000000000004,0.0,5.963000000000002,3.7534999999999994,
Jim Zuege,18,Free,0,,R,-0.0,-0.0,5.724971377687315,0.0,9.041000000000002,2.7185000000000006,
John Pear,18,Free,0,,R,-0.0,-1.8051270187073862,6.203804627249355,0.0,9.000500000000002,2.5160000000000005,
Jason Christie,19,Free,0,,R,-0.0,-0.0,5.255905313523042,0.0,8.366,2.9210000000000003,
Brad Parks,18,Free,0,,L,-0.0,-0.0,3.112612785563451,0.0,11.538500000000003,3.9019999999999992,
Gabe Caldwell,18,Free,0,,R,-0.0,-0.0,4.796310607004861,0.0,8.541500000000003,3.1235,
Josh Hunt,18,Free,0,,R,-0.0,-0.0,0.0,1.04066117818368,11.187500000000004,3.8974999999999995,
Danny Castaneda,18,Free,0,,R,-0.0,-0.0,4.266771777690187,0.0,9.648500000000002,3.3619999999999997,
John Rhamy,18,Free,0,,R,-0.0,-0.0,7.599173860085794,0.0,9.662000000000003,1.9489999999999994,
Jim Maas,18,Free,0,,R,-0.0,-0.0,0.0,1.6834962814406287,9.729500000000002,3.011,
Patrick Connor,18,Free,0,,R,-0.0,-0.0,4.266771777690187,0.0,9.473000000000003,3.3619999999999997,
Do-hyun Kim,18,Free,0,,R,-0.0,-0.8919739094872717,0.0,2.910608155115243,7.110500000000003,1.5125000000000002,
David Francisco,19,CHC,1,,R,-0.0,-0.0,-0.0,-0.0,12.132500000000004,10.755500000000001,
Jesus Espinoza,19,CHC,1,,R,-0.0,-0.0,-0.0,-0.0,12.132500000000004,10.755500000000001,
Tony Altamira,19,CHC,1,,R,-0.0,-0.0,0.0,0.0,9.905000000000001,4.0954999999999995,
Alberto Grajeda,20,OAK,1,,R,-0.0,-0.0,0.0,0.9815429236187474,7.839500000000002,3.983,
Jon Rodriguez,19,CHC,1,,R,-0.0,-0.0,-0.0,-0.0,12.132500000000004,11.444000000000003,
Ernesto Gonzalez,19,CHC,1,,R,-0.0,-0.0,-0.0,-0.0,10.998500000000003,6.5435,
Alex Hernandez,19,CHC,1,,R,-0.0,-0.0,-0.0,-0.0,9.972500000000004,6.030500000000002,
Mike Garcia,19,CHC,1,,R,-0.0,-0.0,-0.0,-0.0,12.065000000000003,11.120000000000003,
Danny Alfonso,19,CHC,1,,R,-0.0,-0.0,-0.0,-0.0,11.511500000000003,10.823000000000002,
Edwin Arce,19,CHC,1,,R,-0.0,-0.0,-0.0,-0.0,9.972500000000004,6.111500000000001,
Dave Manzur,19,CHC,1,,R,-0.0,-0.0,-0.0,-0.0,8.690000000000001,5.774000000000001,
Marco Vega,19,CHC,1,,R,-0.0,-0.0,-0.0,-0.0,12.200000000000003,10.823000000000002,
Jose Montenegro,19,CHC,1,,R,-0.0,-0.0,-0.0,-0.0,11.997500000000002,7.8260000000000005,
Manny Lopez,20,CHC,1,,R,-0.0,-0.0,-0.0,-0.0,10.647500000000003,9.270500000000002,
Diego Hernandez,19,CHC,1,,R,-0.0,-0.0,-0.0,-0.0,12.132500000000004,10.499000000000002,
Oscar Camacho,19,CIN,1,,R,-0.0,-0.0,2.9539270771069943,0.0,8.8655,3.9784999999999995,
Rene Rodriguez,18,CHC,1,,R,-0.0,-0.0,0.0,0.0,10.310000000000002,5.4365000000000006,
Alex Varajo,19,CHC,1,,L,-0.0,-0.0,-0.0,-0.0,12.200000000000003,11.943500000000004,
Alex Vargas,19,CHC,1,,R,-0.0,-0.0,-0.0,-0.0,12.200000000000003,11.511500000000003,
Juan Camacho,19,CHC,1,,R,-0.0,-0.0,2.9539270771069943,0.0,9.284000000000002,3.9784999999999995,
Marcus Cryer,19,CHC,1,,R,-0.0,-0.0,-0.0,-0.0,12.065000000000003,10.688000000000002,
Xavier Rigual,19,WSH,1,,R,-0.0,-0.0,5.101668967248085,0.0,6.314000000000002,2.9885,
Leon Rosario,18,CHC,0,,R,-0.0,-0.0,-0.0,-0.0,11.255000000000003,5.936,
Jose Moreno,19,CHC,1,,R,-0.0,-0.0,-0.0,-0.0,10.998500000000003,6.5435,
Tullio Savelli,19,CHC,1,,R,-0.0,-0.0,-0.0,-0.0,10.998500000000003,6.2059999999999995,
Victor Flores,19,CHC,1,,R,-0.0,-0.0,-0.0,-0.0,12.065000000000003,10.688000000000002,
Tony Marin,19,CHC,1,,R,-0.0,-0.0,-0.0,-0.0,12.200000000000003,10.823000000000002,
Nick Sanchez,18,CHC,1,,R,-0.0,-0.0,-0.0,-0.0,10.917500000000004,6.975500000000002,
Carlos Arriaga,18,PHI,1,,R,-0.0,-0.0,4.395503397158741,0.0,8.460500000000001,3.3034999999999997,
Carlos Delgado,19,HOU,1,,R,-0.0,-0.0,3.0471307056427466,0.0,8.460500000000001,3.9334999999999996,
Mike Castelan,19,CHC,1,,R,-0.0,-0.0,-0.0,-0.0,12.132500000000004,11.444000000000003,
Ruben Murillo,18,CHC,1,,R,-0.0,-0.0,-0.0,-0.0,12.200000000000003,10.823000000000002,
Luis Fernandez,19,CHC,1,,R,-0.0,-0.0,-0.0,-0.0,12.200000000000003,10.823000000000002,
Vinny Torres,19,CHC,1,,R,-0.0,-0.0,0.0,0.0,10.242500000000003,5.301500000000001,
Victor Ayala,18,SF,1,,L,-0.0,-0.0,2.052401910291225,0.0,9.959000000000003,4.424,
Daniel Solis,19,CHC,1,,L,-0.0,-0.0,-0.0,-0.0,11.322500000000003,6.8675000000000015,
David Lopez,19,CHC,1,,R,-0.0,-0.0,-0.0,-0.0,12.200000000000003,10.566500000000001,
Tony Lerma,19,CHC,1,,R,-0.0,-0.0,-0.0,-0.0,10.661000000000003,7.340000000000002,
Miguel Camarillo,19,CHC,1,,R,-0.0,-0.0,-0.0,-0.0,12.200000000000003,10.823000000000002,
Alex Velazquez,19,CHC,1,,R,-0.0,-0.0,-0.0,-0.0,12.200000000000003,10.823000000000002,
Jon Mercado,18,CHC,0,,R,-0.0,-0.0,-0.0,-0.0,11.592500000000003,7.259000000000002,
Alejandro Santos,19,CHC,1,,L,-0.0,-0.0,-0.0,-0.0,12.200000000000003,10.566500000000001,
Jorge Alvarez,18,CHC,1,,R,-0.0,-0.0,0.0,0.0,10.998500000000003,4.923499999999999,
Teobaldo Puim,19,CHC,1,,R,-0.0,-0.0,0.0,0.0,11.255000000000003,5.18,
Hector Castillo,19,CHC,1,,R,-0.0,-0.0,0.0,0.0,9.621500000000001,4.234999999999999,
Freddy Morales,19,CHC,1,,R,-0.0,-0.0,0.0,0.0,8.703500000000002,4.1674999999999995,
Julio Garcia,19,CHC,1,,R,-0.0,-0.0,0.0,0.0,10.998500000000003,5.18,
Wil Huizar,19,CHC,1,,R,-0.0,-0.0,-0.0,-0.0,12.132500000000004,12.132500000000004,
Sergio Fragoso,18,CHC,1,,R,-0.0,-0.0,-0.0,-0.0,10.566500000000001,5.693000000000001,
Andy Garcia,19,CHC,1,,R,-0.0,-0.0,-0.0,-0.0,10.985000000000003,8.582,
Miguel Villapudua,18,CHC,1,,R,-0.0,-0.0,-0.0,-0.0,11.322500000000003,6.9485,
Andres Gonzalez,18,CHC,1,,R,-0.0,-0.0,-0.0,-0.0,12.132500000000004,10.755500000000001,
Lorenzo del Rio,19,CHC,1,,R,-0.0,-0.0,-0.0,-0.0,11.255000000000003,6.800000000000001,
Omar Alvarado,18,CHC,1,,R,-0.0,-0.0,-0.0,-0.0,12.065000000000003,10.688000000000002,
Danny Cedillo,18,CHC,1,,R,-0.0,-0.0,0.0,0.0,10.998500000000003,5.3690000000000015,
Jonathan del Real,19,CHC,1,,R,-0.0,-0.0,-0.0,-0.0,11.255000000000003,6.030500000000002,
Victor Galaviz,18,CHC,1,,L,-0.0,-0.0,0.0,0.0,10.512500000000003,4.180999999999999,
Juan Quevedo,19,CHC,1,,L,-0.0,-0.0,-0.0,-0.0,12.200000000000003,11.511500000000003,
Izzy Bravo,18,CHC,1,,L,-0.0,-0.0,-0.0,-0.0,10.283000000000001,5.747000000000001,
Jorge Rivas,18,CHC,1,,R,-0.0,-0.0,0.0,0.0,11.255000000000003,4.4915,
Luis Rebordo,18,CHC,1,,R,-0.0,-0.0,0.0,0.0,10.499000000000002,4.964,
Billy Noe,20,CHC,1,,R,-0.0,-0.0,-0.0,-0.0,12.132500000000004,11.444000000000003,
Tim Stone,22,CHC,1,,R,-0.0,-0.0,-0.0,-0.0,8.973500000000001,5.801,
Kyle Roberts,20,NYM,1,,L,-1.8343736712305483,-0.0,4.395503397158741,0.0,6.584000000000001,3.3034999999999997,
Jamie Doner,20,CLE,1,,L,-0.0,-0.0,0.0,1.3730514564457648,7.326500000000002,3.4294999999999995,
Pat Green,20,CHC,1,,R,-0.0,-0.0,-0.0,-0.0,12.132500000000004,10.499000000000002,
Brandon Cornelius,19,SF,1,,L,-0.0,-0.0,6.452412581087019,0.0,5.99,2.4124999999999996,
Justin Hays,24,CHC,1,,R,-0.0,-0.0,0.0,0.0,5.706500000000001,4.680499999999999,
Elias Rodriguez,23,PHI,1,,R,-0.0,-0.604099924128004,4.485062137941279,0.0,6.570500000000001,3.263,
Robby Norman,20,CHC,1,,R,-0.0,-0.0,-0.0,-0.0,12.132500000000004,10.755500000000001,
Carlos Saenz,22,CHC,1,,R,-0.0,-0.0,-0.0,-0.0,11.444000000000003,10.755500000000001,
Ace O'Toole,20,CHC,1,,L,-0.0,-0.0,-0.0,-0.0,12.132500000000004,11.187500000000004,
Dan Mullin,20,CHC,1,,L,-0.0,-0.0,0.0,0.0,7.677500000000002,4.761500000000001,
Matthew Bush,20,CHC,1,,R,-0.0,-0.0,-0.0,-0.0,12.200000000000003,10.823000000000002,
Kelly Wallace,19,CHC,1,,R,-0.0,-0.0,0.7308008073843921,0.0,7.745000000000001,5.1125,
Todd Isett,19,STL,1,,R,-0.0,-0.11493856878897017,6.257624501351177,0.0,5.706500000000001,2.4935000000000005,
Ryan Anderson,20,COL,1,,R,-0.0,-0.0,0.0,1.8384365370815914,6.314000000000002,2.8085000000000004,
Jason Johnson,23,CHC,1,,R,-0.0,-0.0,0.0,0.0,6.368000000000002,5.0855,
Justin Sykes,24,ATL,1,,R,-0.0,-0.0,2.052401910291225,0.0,6.044000000000001,4.424,
Justin Pylman,23,HOU,1,,R,-0.0,-0.0,0.0,1.4025357148714919,7.178000000000003,3.3889999999999993,
Nick Affleck,20,CHC,1,,R,-0.0,-0.0,0.0,0.0,8.541500000000003,3.983,
Bill Muir,20,CHC,1,,R,-0.0,-0.0,-0.0,-0.0,12.065000000000003,10.431500000000003,
Andy Woods,19,CHC,1,,R,-0.0,-0.2717647657915234,6.398141359905004,0.0,5.9765000000000015,2.435,
Jeff Love Jr.,22,PIT,1,,L,-0.0,-0.019034484803998053,0.0,1.9294149618268754,5.544500000000001,2.6914999999999996,
Roger Cervantez,22,CHC,1,,L,-0.0,-0.0,0.0,0.0,6.503000000000002,4.019,
Brian Whitworth,23,CHC,1,,R,-0.0,-0.0,0.0,0.0,7.340000000000002,4.761500000000001,
Dan Burgin,18,CHC,1,,R,-0.0,-0.0,-0.0,-0.0,12.200000000000003,10.823000000000002,
Jason Hartle,22,CIN,1,,L,-1.8343736712305483,-0.0,3.1688980729492067,0.0,6.584000000000001,3.8749999999999996,
Angelo Perez,22,CLE,1,,R,-0.0,-0.6554289023546198,0.0,1.0562993576497355,6.665000000000001,3.8749999999999996,
John Robison,22,LAD,1,,R,0.0,0.0,0.0,1.7726312958106378,5.288,2.894,
Randy Bittinger,22,CHC,1,,R,-0.0,-0.0,-0.0,-0.0,12.132500000000004,10.755500000000001,
Brent Trapp,19,CHC,1,,L,-0.0,-0.0,-0.0,-0.0,12.200000000000003,11.511500000000003,
Taylor Baker,23,TOR,1,,R,-0.0,-0.0,0.0,2.1616786496318907,5.909000000000002,2.398999999999999,
Bryan Clavin,19,MIL,1,,R,-0.0,-1.3069111575786834,4.335996446988577,0.0,7.934000000000003,3.3305,
Joe McCoy,19,CHC,1,,R,-0.0,-0.0,0.0,0.0,7.934000000000003,5.45,
Jim Yeadon,22,CHC,1,,R,-0.0,-0.0,0.0,0.0,7.677500000000002,4.1674999999999995,
Masashi Yamashita,19,CHC,1,,R,-0.0,-0.0,-0.0,-0.0,12.132500000000004,10.755500000000001,
Jose Solis,22,BOS,1,,R,-0.0,-0.0,0.0,1.0625641025641022,7.2455000000000025,3.8659999999999997,
Luis Maria,21,CHC,1,,L,-0.0,-0.0,-0.0,-0.0,12.132500000000004,11.444000000000003,
Jake Kell,19,Free,0,,L,-0.0,-0.0,8.58880570795384,0.0,8.528000000000002,1.5664999999999996,
David Castellonese,19,CHC,1,,R,-0.0,-0.0,0.0,0.0,9.648500000000002,4.8425,
Ryan Mark,18,Free,0,,L,-0.0,-0.0,7.6448449509674,0.0,6.759500000000001,1.9310000000000005,
Ernst McDormand,18,Free,0,,R,-0.0,-0.0,0.0,1.8593357172444696,8.879000000000003,2.7814999999999994,
Melvin Nunez,21,Free,0,,R,-0.0,-0.0,0.0,1.7485300905527998,6.8405000000000005,2.9255000000000004,
Armando Gutierrez,22,Free,0,,R,-0.0,-0.0,3.778490326982115,0.0,6.665000000000001,3.5869999999999997,
Paul Flynn,21,Free,0,,L,-0.0,-1.0585742522792407,0.0,1.6257789542908048,7.434500000000002,3.0875,
Greg Ramos,21,Free,0,,R,-0.0,-0.0,0.0,2.2528931782905413,6.5165000000000015,2.2864999999999993,
Danny Vasquez,21,Free,0,,L,-0.0,-0.0,0.0,1.7176549413735342,7.691000000000001,2.966,
John Leach,21,Free,0,,L,-0.0,-0.0,0.0,1.8280083687656068,7.178000000000003,2.8219999999999996,
Josh Counts,17,Free,0,,R,-0.0,-0.0,4.9179593571125055,0.0,10.148000000000003,3.0694999999999997,
Dan Bajorek,18,Free,0,,L,-0.0,-0.0,0.0,1.7347922693162285,9.864500000000001,2.9435000000000002,
Rich Jones,21,Free,0,,L,-0.0,-0.0,0.7308008073843921,0.0,8.015,5.1125,
Mike Copeland,19,Free,0,,R,-0.0,-0.8496199080546115,9.2634682302655,0.0,7.029500000000001,1.3144999999999998,
Chris Bunkley,18,Free,0,,R,-0.0,-1.5517854563124647,4.395503397158741,0.0,8.447,3.3034999999999997,
Eduardo Pupo,18,Free,0,,R,-0.0,-0.0,4.099545956559087,0.0,10.175000000000002,3.4385000000000003,
Andres Yepiz,18,CHC,1,,R,-0.0,-0.0,-0.0,-0.0,12.132500000000004,10.755500000000001,
Edgar Sandoval,18,ATL,1,,R,-0.0,-0.0,2.7134644190304127,0.0,9.824000000000002,4.0954999999999995,
Javier Valdez,19,CHC,1,,R,-0.0,-0.0,0.0,0.0,7.340000000000002,3.6725,
Eþref Inan,18,CHC,0,,R,-0.0,-0.0,-0.0,-0.0,12.065000000000003,9.743000000000002,
Alberto Contreras,18,CHC,1,,R,-0.0,-0.0,0.0,0.0,10.661000000000003,5.0045,
Juan Garcia,18,CHC,0,,L,-0.0,-0.0,-0.0,-0.0,12.200000000000003,10.566500000000001,
David Hernandez,18,KC,1,,L,-0.0,-0.0,0.0,1.9576269600211005,9.0545,2.655499999999999,
Dave Villalpando,18,COL,1,,R,-0.0,-0.0,0.0,1.7142321250638461,8.514500000000002,2.9705000000000004,
Alex Ocasio,17,CWS,1,,R,-0.0,-0.0,4.735731534267721,0.0,8.946500000000004,3.150499999999999,
Armando Palomo,18,CHC,1,,R,-0.0,-0.0,-0.0,-0.0,12.200000000000003,10.823000000000002,
Danny Macias,18,LAD,1,,L,-0.0,-0.0,3.41449835685289,0.0,8.528000000000002,3.758,
Sal Olivares,18,CHC,1,,L,-0.0,-0.0,-0.0,-0.0,12.200000000000003,10.823000000000002,
Bobby Ferreiro,17,DET,1,,R,-0.0,-0.0,3.972512358670649,0.0,9.891500000000002,3.4969999999999994,
Lorenzo Avalos,18,TB,1,,R,-0.0,-0.0,3.8655892190132093,0.0,10.499000000000002,3.5465,
Omar Quiroz,17,CHC,1,,R,-0.0,-0.0,-0.0,-0.0,11.592500000000003,6.219500000000001,
Alex Chavez,18,SF,1,,R,-0.0,-0.0,0.0,0.9044881396768042,9.554000000000002,4.0954999999999995,
Cesario Juarez,17,STL,1,,R,-0.0,-0.0,2.5668127858209138,0.0,9.216500000000002,4.1674999999999995,
Butch Carreon,18,COL,1,,R,-0.0,-0.0,5.2352799033427315,0.0,8.879000000000003,2.9299999999999997,
Rafael Guevara,17,CHC,1,,R,-0.0,-0.0,-0.0,-0.0,11.930000000000003,5.7875000000000005,
Andres Lovo,18,CHC,1,,R,-0.0,-0.0,-0.0,-0.0,11.255000000000003,5.706500000000001,
Daniel Rodriguez,18,CHC,1,,R,-0.0,-0.0,-0.0,-0.0,12.132500000000004,10.755500000000001,
Jose Zavala,18,CHC,1,,R,-0.0,-0.0,-0.0,-0.0,12.200000000000003,10.823000000000002,
Alberto Maldonado,17,CHC,1,,R,-0.0,-0.0,0.0,0.0,11.255000000000003,5.018,
Edwin Lopez,18,CHC,1,,R,-0.0,-0.0,-0.0,-0.0,11.660000000000004,7.205000000000001,
Tony del Villar,17,CHC,1,,R,-0.0,-0.0,0.0,0.0,10.850000000000003,4.208000000000001,
Renzo Grande,17,CHC,0,,R,-0.0,-0.0,0.0,0.0,11.606000000000003,4.7075,
Ethan Mullen,23,CHC,1,,L,-0.0,-0.0,0.0,0.0,6.057500000000001,3.668,
Sean Bruce,19,SD,1,,R,-2.3566479322204557,-0.0,2.8889228418640207,0.0,6.908000000000003,4.01,
Jose Loya,19,NYY,1,,R,-0.0,-0.0,0.0,2.2933667170900485,6.314000000000002,2.237000000000001,
David Rivera,19,CHC,1,,R,-0.0,-0.0,-0.0,-0.0,12.132500000000004,10.755500000000001,
Ty Kirkham,22,CHC,1,,R,-0.0,-0.0,-0.0,-0.0,12.065000000000003,10.688000000000002,
Ryan Moore,21,Free,0,,R,-0.0,-0.26401129696758063,6.725673286887803,0.0,5.963000000000002,2.3,
Brent Stearn,20,WSH,1,,R,-0.0,-0.0,0.0,2.2089773189101307,6.1655000000000015,2.3405000000000005,
Mike Wallick,18,CHC,1,,R,-0.0,-0.0,0.0,0.0,8.879000000000003,4.0954999999999995,
Antonio Torres,22,CHC,1,,R,-0.0,-0.0,0.0,0.0,7.677500000000002,4.855999999999999,
Jaime Molina,19,TOR,1,,R,-0.0,-0.0,7.158401762992891,0.0,6.854000000000002,2.1245,
Chris Reece,24,CHC,1,,L,-0.0,-0.0,0.0,0.0,6.732500000000001,4.424,
Keith Speedling,20,WSH,1,,R,-0.0,-0.0,4.0408245300129915,0.0,6.489500000000001,3.4654999999999996,
Anthony Sailor,24,PHI,1,,L,-0.0,-0.0,4.1682513150779235,0.0,6.314000000000002,3.4069999999999996,
Steve Knight,22,Free,0,,R,-0.0,-0.9270515372705165,0.0,1.1381661189509633,7.178000000000003,3.758,
Chris Frazier,21,Free,0,,L,-0.0,-0.0,3.3197087331822344,0.0,6.381500000000001,3.803,
Nick Norris,19,Free,0,,R,-0.0,-0.0,0.0,1.950564243862199,7.232000000000001,2.664500000000001,
Mike Pendleton,20,Free,0,,L,-0.0,-0.0,0.0,1.7279326846520675,7.583000000000003,2.9524999999999997,
Jody Murray,21,Free,0,,L,-0.0,-0.0,0.0,2.3377587138846745,6.084500000000001,2.1830000000000003,
Mark Lowrance,15,Free,0,,R,-0.0,-0.0,0.5807253417692926,0.0,11.592500000000003,5.193499999999999,
Mike Ruiz,16,Free,0,,R,-0.0,-0.0,2.1596695456252344,0.0,10.863500000000002,4.37,
Sean Brickley,17,Free,0,,R,-0.0,-0.0,0.0,1.841915763164117,9.797,2.8039999999999994,
Bryce Gildon,16,Free,0,,R,-0.0,-0.0,4.0408245300129915,0.0,9.635000000000002,3.4655,
Justin Tanner,16,Free,0,,R,-0.0,-0.0,7.978584963569883,0.0,9.473000000000003,1.8005000000000004,
Emmett Fischer,17,Free,0,,R,-0.0,-0.0,7.48537616229924,0.0,9.392000000000001,1.9939999999999993,
Will Hylton,17,Free,0,,R,-0.0,-0.0,3.5957392085021715,0.0,9.365000000000002,3.6725,
Phil Rone,16,Free,0,,R,-0.0,-0.0,5.009627811451185,0.0,9.122000000000002,3.029,
Craig Sizemore,16,Free,0,,R,-0.0,-0.0,4.796310607004861,0.0,10.485500000000002,3.1235,
Dave Crabtree,16,Free,0,,R,-0.0,-0.0,6.032414711607417,0.0,9.729500000000002,2.588,
Jose Alvarado,17,KC,1,,R,-0.0,-0.0,5.651371672424303,0.0,8.879000000000003,2.75,
Ricardo Rivas,17,CHC,0,,L,-0.0,-0.0,0.0,0.0,11.930000000000003,3.983,
Tomas Sandoval,17,CHC,1,,L,-0.0,-0.0,-0.0,-0.0,11.255000000000003,5.706500000000001,
Angelo Borromini,17,CHC,0,,R,-0.0,-0.0,-0.0,-0.0,12.200000000000003,10.566500000000001,
Armando Reyes,17,CHC,1,,R,-0.0,-0.0,-0.0,-0.0,11.255000000000003,7.0565000000000015,
Hector Molenza,17,DET,1,,L,-0.0,-0.0,6.214558638245354,0.0,8.136500000000002,2.5114999999999994,
Danny Morales,17,CHC,1,,R,-0.0,-0.0,-0.0,-0.0,12.200000000000003,10.823000000000002,
Ismael Castillo,17,CHC,1,,R,-0.0,-0.0,-0.0,-0.0,12.132500000000004,10.499000000000002,
Rafael Hernandez,17,DET,1,,L,-0.0,-0.0,2.052401910291225,0.0,9.878000000000002,4.424,
Oscar Sierra,18,CHC,1,,L,-0.0,-0.0,-0.0,-0.0,10.998500000000003,5.5175,
Omar Sandoval,17,CHC,1,,R,-0.0,-0.0,0.0,0.0,10.310000000000002,4.5725,
Gabe Estrada,17,PHI,1,,L,-0.0,-0.0,0.0,1.2241672945885296,9.891500000000002,3.6365,
Rafael Barela,17,CHC,1,,R,-0.0,-0.0,0.0,0.0,11.336000000000002,4.505,
Ismael Lopez,18,CHC,1,,R,-0.0,-0.0,0.0,0.0,10.256000000000004,4.0729999999999995,
Luis Olivencia,16,CHC,0,,R,-0.0,-0.0,-0.0,-0.0,10.917500000000004,6.219500000000001,
Antonio Cadena,17,CHC,1,,L,-0.0,-0.0,0.0,0.0,11.673500000000004,4.937,
Alfonso Escamilla,17,CHC,0,,R,-0.0,-0.0,-0.0,-0.0,12.132500000000004,10.499000000000002,
Virgílio Ragalla,16,CHC,0,,R,-0.0,-0.0,-0.0,-0.0,12.132500000000004,10.499000000000002,
Carlos Lujan,17,CHC,0,,L,-0.0,-0.0,-0.0,-0.0,11.660000000000004,8.690000000000001,
Miguel Ruiz,17,CHC,0,,R,-0.0,-0.0,-0.0,-0.0,12.132500000000004,10.755500000000001,
Gregorio Cerriteno,16,NYY,0,,R,-0.0,-0.0,0.0,2.3786722608277606,9.729500000000002,2.1335000000000006,
Tony Delgado,16,CHC,0,,L,-0.0,-0.0,-0.0,-0.0,11.255000000000003,6.219500000000001,
Esteban Miranda,17,CHC,1,,R,-0.0,-0.0,0.0,0.0,11.309000000000003,5.423,
Roberto Silva,17,CHC,1,,L,-0.0,-0.0,-0.0,-0.0,11.930000000000003,9.203000000000003,
Julian Morales,16,CHC,1,,R,-0.0,-0.0,0.0,0.0,10.998500000000003,4.761500000000001,
Edwin Lopez,17,CHC,0,,R,-0.0,-0.0,0.0,0.0,10.836500000000003,5.031500000000001,
Andres Gonzalez,24,CHC,1,,R,-0.0,-0.0,-0.0,-0.0,12.200000000000003,11.255000000000003,
Angelo Martinez,17,CHC,1,,R,-0.0,-0.0,-0.0,-0.0,11.525000000000002,5.801,
Francis Lopez,18,ATL,1,,R,-0.0,-0.0,2.8889228418640207,0.0,9.891500000000002,4.01,
Juan Esparza,17,NYY,1,,L,-0.0,-0.0,4.928126406320315,0.0,9.459500000000002,3.065,
Ricky Arreola,17,CHC,1,,L,-0.0,-0.0,-0.0,-0.0,12.200000000000003,11.511500000000003,
David Rodriguez,18,CHC,1,,L,-0.0,-0.0,-0.0,-0.0,10.917500000000004,5.8685,
Bernard Scott,17,CHC,0,,R,-0.0,-0.0,-0.0,-0.0,12.200000000000003,9.878000000000002,
Humberto Denova,16,LAD,1,,R,-0.0,-0.0,5.194085102102403,0.0,10.485500000000002,2.9480000000000004,
Rey Ortiz,16,CHC,1,,L,-0.0,-0.0,0.0,0.0,10.850000000000003,3.8434999999999997,
Inês Rubio,17,CHC,0,,R,-0.0,-0.0,0.0,0.0,11.592500000000003,5.45,
Danny Chipe,16,CHC,1,,L,-0.0,-0.0,-0.0,-0.0,12.132500000000004,10.499000000000002,
Carlos Dorame,17,CHC,1,,L,-0.0,-0.0,-0.0,-0.0,12.200000000000003,11.255000000000003,
Travis St. Martin,21,Free,0,,R,-0.0,-0.0,0.0,1.5718582294440162,6.570500000000001,3.1594999999999995,
Steve Marker,16,Free,0,,R,-0.0,-0.0,3.5957392085021715,0.0,11.174000000000003,3.6725,
Joel Simon,19,Free,0,,R,-0.0,-0.0,0.0,2.4348070175438594,6.759500000000001,2.0660000000000007,
Andy Crum,20,Free,0,,L,-0.0,-0.5597740161234089,0.0,2.1907515848750236,6.489500000000001,2.3630000000000004,
Matt Hartje,15,Free,0,,L,-0.0,-0.0,0.0,1.6427088021067717,9.729500000000002,3.065,
Gabe Sullivan,15,Free,0,,R,-0.0,-0.0,0.0,3.116371155148123,9.216500000000002,1.282999999999999,
Tyler Brunt,15,Free,0,,R,-0.0,-0.0,0.0,2.1038563944000677,8.744000000000003,2.4710000000000005,
Yeycol Cothran,15,Free,0,,R,-0.0,-0.0,8.364058969116538,0.0,8.028500000000001,1.6519999999999997,
Nick Leuzzi,15,Free,0,,L,-0.0,-0.0,6.085838098412782,0.0,10.593500000000002,2.5654999999999992,
Zachary Knight,15,Free,0,,R,-0.0,-0.0,0.0,1.9083237925624383,10.445000000000004,2.7185000000000006,
David Boothman,15,Free,0,,R,-0.0,-0.0,7.81689054395531,0.0,8.852000000000002,1.8635000000000006,
Freddy Colon,16,CHC,0,,R,-0.0,-0.0,-0.0,-0.0,11.997500000000002,5.936,
Dave Beltran,17,CHC,0,,R,-0.0,-0.0,-0.0,-0.0,11.930000000000003,6.044000000000001,
Rafael Parrilla,17,CHC,0,,R,-0.0,-0.0,-0.0,-0.0,11.930000000000003,6.381500000000001,
Ricky Decubas,17,CHC,1,,R,-0.0,-0.0,-0.0,-0.0,12.065000000000003,11.808500000000002,
Daniel Polanco,16,MIL,0,,L,-0.0,-0.0,0.0,0.746825938031526,9.864500000000001,4.329499999999999,
Andres Dominguez,17,CHC,1,,R,-0.0,-0.0,-0.0,-0.0,12.200000000000003,10.134500000000003,
Wayne Brown,16,CHC,0,,R,-0.0,-0.0,0.0,0.0,11.241500000000002,3.803,
Eddie Perez,16,CHC,0,,L,-0.0,-0.0,0.0,0.0,10.310000000000002,3.38,
Salvador Gonzalez,16,CHC,1,,R,-0.0,-0.0,0.0,0.0,10.728500000000004,4.0055,
Daniel Tijerina,16,CHC,0,,R,-0.0,-0.0,0.0,0.0,11.930000000000003,4.747999999999999,
